L_419.png,L
L_425.png,L
L_343.png,L
T_957.png,T
L_357.png,L
T_943.png,T
L_431.png,L
B_248.png,B
L_37.png,L
T_770.png,T
T_764.png,T
B_274.png,B
B_26.png,B
T_994.png,T
L_380.png,L
B_506.png,B
B_32.png,B
T_980.png,T
L_394.png,L
T_758.png,T
B_260.png,B
B_937.png,B
L_169.png,L
B_923.png,B
L_141.png,L
L_627.png,L
L_633.png,L
T_599.png,T
L_155.png,L
T_572.png,T
T_22.png,T
L_800.png,L
T_214.png,T
L_814.png,L
T_200.png,T
B_738.png,B
T_566.png,T
T_36.png,T
B_710.png,B
L_182.png,L
L_828.png,L
L_196.png,L
B_704.png,B
B_843.png,B
B_857.png,B
L_753.png,L
L_747.png,L
T_406.png,T
B_658.png,B
B_880.png,B
T_360.png,T
L_974.png,L
T_374.png,T
L_960.png,L
B_894.png,B
T_1039.png,T
T_412.png,T
B_664.png,B
T_1011.png,T
L_790.png,L
L_948.png,L
B_102.png,B
B_116.png,B
T_348.png,T
T_1005.png,T
T_9.png,T
B_670.png,B
B_499.png,B
L_579.png,L
L_551.png,L
T_823.png,T
L_237.png,L
T_837.png,T
L_223.png,L
L_545.png,L
T_189.png,T
T_162.png,T
T_604.png,T
T_610.png,T
B_328.png,B
T_176.png,T
B_300.png,B
L_592.png,L
T_638.png,T
B_466.png,B
B_472.png,B
L_586.png,L
B_314.png,B
B_473.png,B
B_315.png,B
L_587.png,L
L_593.png,L
B_301.png,B
B_467.png,B
T_639.png,T
T_611.png,T
T_177.png,T
B_329.png,B
T_163.png,T
T_605.png,T
L_222.png,L
T_836.png,T
T_188.png,T
L_544.png,L
L_236.png,L
T_822.png,T
L_578.png,L
B_498.png,B
L_785.png,L
T_349.png,T
B_117.png,B
B_671.png,B
T_8.png,T
T_1004.png,T
T_1010.png,T
B_665.png,B
B_103.png,B
L_949.png,L
L_791.png,L
L_961.png,L
T_375.png,T
T_413.png,T
T_1038.png,T
B_895.png,B
B_881.png,B
B_659.png,B
T_407.png,T
L_975.png,L
T_361.png,T
L_746.png,L
L_752.png,L
B_856.png,B
B_842.png,B
L_829.png,L
B_705.png,B
L_197.png,L
L_183.png,L
B_711.png,B
T_229.png,T
T_201.png,T
L_815.png,L
T_37.png,T
T_567.png,T
B_739.png,B
T_23.png,T
T_573.png,T
T_215.png,T
L_801.png,L
L_632.png,L
L_154.png,L
T_598.png,T
L_140.png,L
L_626.png,L
B_922.png,B
L_168.png,L
B_936.png,B
T_759.png,T
L_395.png,L
T_981.png,T
B_33.png,B
B_507.png,B
B_261.png,B
B_275.png,B
B_513.png,B
L_381.png,L
T_995.png,T
B_27.png,B
T_765.png,T
L_22.png,L
B_249.png,B
L_36.png,L
T_771.png,T
L_356.png,L
L_430.png,L
L_424.png,L
T_956.png,T
L_342.png,L
L_418.png,L
L_368.png,L
T_968.png,T
B_288.png,B
L_432.png,L
L_354.png,L
T_798.png,T
T_940.png,T
L_340.png,L
T_954.png,T
L_426.png,L
L_20.png,L
T_767.png,T
B_539.png,B
B_19.png,B
L_1067.png,L
B_263.png,B
B_505.png,B
B_31.png,B
T_983.png,T
L_397.png,L
B_25.png,B
T_997.png,T
L_383.png,L
B_511.png,B
B_277.png,B
B_920.png,B
B_934.png,B
L_156.png,L
L_630.png,L
L_142.png,L
B_908.png,B
T_565.png,T
L_817.png,L
T_203.png,T
L_803.png,L
T_217.png,T
T_571.png,T
T_21.png,T
L_195.png,L
B_707.png,B
B_713.png,B
L_181.png,L
B_854.png,B
L_778.png,L
B_840.png,B
B_698.png,B
B_868.png,B
T_388.png,T
L_744.png,L
L_988.png,L
L_750.png,L
B_897.png,B
T_411.png,T
T_377.png,T
L_963.png,L
B_129.png,B
T_363.png,T
L_977.png,L
T_405.png,T
B_883.png,B
T_1006.png,T
B_673.png,B
B_115.png,B
L_787.png,L
B_101.png,B
B_667.png,B
T_1012.png,T
T_439.png,T
T_808.png,T
L_208.png,L
L_546.png,L
T_834.png,T
L_220.png,L
T_820.png,T
L_234.png,L
L_552.png,L
T_175.png,T
T_613.png,T
B_459.png,B
T_607.png,T
T_161.png,T
L_585.png,L
T_149.png,T
B_317.png,B
B_471.png,B
B_465.png,B
B_303.png,B
L_591.png,L
B_464.png,B
L_590.png,L
B_302.png,B
B_316.png,B
T_148.png,T
L_584.png,L
B_470.png,B
T_606.png,T
B_458.png,B
T_160.png,T
T_174.png,T
T_612.png,T
L_235.png,L
T_821.png,T
L_553.png,L
L_547.png,L
L_221.png,L
T_835.png,T
L_209.png,L
T_809.png,T
B_100.png,B
L_792.png,L
T_438.png,T
T_1013.png,T
B_666.png,B
B_672.png,B
T_1007.png,T
L_786.png,L
B_114.png,B
L_976.png,L
T_362.png,T
B_882.png,B
T_404.png,T
T_410.png,T
B_896.png,B
B_128.png,B
L_962.png,L
T_376.png,T
L_989.png,L
B_869.png,B
L_745.png,L
T_389.png,T
B_699.png,B
B_841.png,B
B_855.png,B
L_779.png,L
L_180.png,L
B_712.png,B
B_706.png,B
L_194.png,L
T_558.png,T
T_216.png,T
L_802.png,L
T_20.png,T
T_570.png,T
T_34.png,T
T_564.png,T
T_202.png,T
L_816.png,L
L_625.png,L
B_909.png,B
L_143.png,L
L_157.png,L
L_631.png,L
L_619.png,L
B_935.png,B
B_921.png,B
B_510.png,B
L_382.png,L
T_996.png,T
B_24.png,B
B_276.png,B
B_262.png,B
L_396.png,L
T_982.png,T
B_30.png,B
B_504.png,B
T_772.png,T
L_35.png,L
B_18.png,B
B_538.png,B
L_21.png,L
T_766.png,T
L_341.png,L
L_427.png,L
L_433.png,L
T_941.png,T
T_799.png,T
L_355.png,L
T_969.png,T
B_289.png,B
L_369.png,L
L_351.png,L
T_945.png,T
L_437.png,L
L_423.png,L
T_789.png,T
L_345.png,L
T_951.png,T
T_979.png,T
B_299.png,B
L_379.png,L
B_500.png,B
T_986.png,T
B_34.png,B
L_19.png,L
B_266.png,B
B_272.png,B
T_992.png,T
B_20.png,B
L_386.png,L
B_514.png,B
T_762.png,T
L_25.png,L
B_528.png,B
L_31.png,L
T_776.png,T
L_635.png,L
B_919.png,B
L_153.png,L
L_147.png,L
L_621.png,L
L_609.png,L
B_925.png,B
B_931.png,B
L_190.png,L
B_702.png,B
B_716.png,B
L_184.png,L
T_548.png,T
T_18.png,T
L_812.png,L
T_206.png,T
T_560.png,T
T_30.png,T
T_574.png,T
T_24.png,T
L_806.png,L
T_212.png,T
L_999.png,L
L_741.png,L
B_879.png,B
L_755.png,L
T_399.png,T
B_851.png,B
B_689.png,B
B_845.png,B
L_769.png,L
B_110.png,B
L_782.png,L
T_1003.png,T
T_428.png,T
B_676.png,B
B_662.png,B
T_1017.png,T
L_796.png,L
B_104.png,B
T_372.png,T
L_966.png,L
T_414.png,T
T_400.png,T
B_886.png,B
B_138.png,B
T_366.png,T
L_972.png,L
T_831.png,T
L_225.png,L
L_543.png,L
L_557.png,L
T_825.png,T
L_231.png,L
L_219.png,L
T_819.png,T
B_474.png,B
L_580.png,L
B_312.png,B
B_306.png,B
T_158.png,T
L_594.png,L
B_460.png,B
T_616.png,T
B_448.png,B
T_170.png,T
T_164.png,T
T_602.png,T
T_165.png,T
T_603.png,T
B_449.png,B
T_617.png,T
T_171.png,T
L_595.png,L
T_159.png,T
B_307.png,B
B_461.png,B
B_475.png,B
B_313.png,B
T_818.png,T
L_218.png,L
L_556.png,L
L_230.png,L
L_224.png,L
T_830.png,T
L_542.png,L
B_887.png,B
T_401.png,T
L_973.png,L
T_367.png,T
B_139.png,B
L_967.png,L
T_373.png,T
T_415.png,T
B_893.png,B
T_1016.png,T
B_663.png,B
B_105.png,B
L_797.png,L
L_783.png,L
B_111.png,B
B_677.png,B
T_429.png,T
T_1002.png,T
B_844.png,B
L_768.png,L
B_688.png,B
B_850.png,B
B_878.png,B
T_398.png,T
L_754.png,L
L_740.png,L
L_998.png,L
T_25.png,T
T_575.png,T
T_213.png,T
L_807.png,L
T_207.png,T
L_813.png,L
T_31.png,T
T_561.png,T
T_19.png,T
T_549.png,T
L_185.png,L
B_717.png,B
B_703.png,B
L_191.png,L
B_930.png,B
L_608.png,L
L_146.png,L
L_620.png,L
L_634.png,L
L_152.png,L
B_918.png,B
L_30.png,L
T_777.png,T
B_529.png,B
T_763.png,T
L_24.png,L
B_273.png,B
B_515.png,B
L_387.png,L
B_21.png,B
T_993.png,T
L_18.png,L
B_35.png,B
T_987.png,T
B_501.png,B
B_267.png,B
L_378.png,L
T_978.png,T
B_298.png,B
L_422.png,L
T_950.png,T
L_344.png,L
T_788.png,T
T_944.png,T
L_350.png,L
L_436.png,L
L_346.png,L
T_952.png,T
L_420.png,L
L_434.png,L
L_352.png,L
L_408.png,L
T_991.png,T
B_23.png,B
T_749.png,T
L_385.png,L
B_517.png,B
B_271.png,B
B_265.png,B
B_503.png,B
T_985.png,T
B_37.png,B
L_391.png,L
T_775.png,T
L_32.png,L
B_259.png,B
L_26.png,L
T_761.png,T
L_622.png,L
L_144.png,L
T_588.png,T
L_150.png,L
L_636.png,L
B_932.png,B
L_178.png,L
B_926.png,B
L_839.png,L
B_715.png,B
L_187.png,L
L_193.png,L
B_701.png,B
T_239.png,T
L_805.png,L
T_211.png,T
T_577.png,T
T_27.png,T
B_729.png,B
T_563.png,T
T_33.png,T
L_811.png,L
T_205.png,T
L_756.png,L
L_742.png,L
B_846.png,B
B_852.png,B
T_359.png,T
B_107.png,B
B_661.png,B
T_1014.png,T
T_1000.png,T
B_113.png,B
L_781.png,L
L_959.png,L
T_365.png,T
L_971.png,L
T_1028.png,T
T_403.png,T
B_885.png,B
B_649.png,B
B_891.png,B
T_417.png,T
L_965.png,L
T_826.png,T
L_232.png,L
T_198.png,T
L_554.png,L
L_540.png,L
T_832.png,T
L_226.png,L
L_568.png,L
B_488.png,B
B_463.png,B
B_305.png,B
L_597.png,L
L_583.png,L
B_311.png,B
B_477.png,B
T_629.png,T
T_601.png,T
T_167.png,T
B_339.png,B
T_173.png,T
T_615.png,T
T_172.png,T
T_614.png,T
T_600.png,T
B_338.png,B
T_166.png,T
B_310.png,B
L_582.png,L
T_628.png,T
B_476.png,B
B_462.png,B
L_596.png,L
B_304.png,B
B_489.png,B
L_569.png,L
L_541.png,L
L_227.png,L
T_833.png,T
L_233.png,L
T_827.png,T
L_555.png,L
T_199.png,T
T_416.png,T
B_890.png,B
B_648.png,B
L_964.png,L
T_370.png,T
L_970.png,L
T_364.png,T
B_884.png,B
T_402.png,T
T_1029.png,T
B_674.png,B
T_1001.png,T
L_958.png,L
L_780.png,L
B_112.png,B
B_106.png,B
T_358.png,T
L_794.png,L
T_1015.png,T
B_660.png,B
B_853.png,B
B_847.png,B
L_743.png,L
L_757.png,L
T_32.png,T
T_562.png,T
T_204.png,T
L_810.png,L
T_210.png,T
L_804.png,L
B_728.png,B
T_26.png,T
T_576.png,T
B_700.png,B
L_192.png,L
T_238.png,T
L_838.png,L
L_186.png,L
B_714.png,B
B_927.png,B
L_179.png,L
B_933.png,B
L_151.png,L
L_637.png,L
L_623.png,L
T_589.png,T
L_145.png,L
B_258.png,B
L_27.png,L
T_760.png,T
T_774.png,T
L_33.png,L
B_264.png,B
L_390.png,L
B_36.png,B
T_984.png,T
B_502.png,B
B_516.png,B
L_384.png,L
T_748.png,T
B_22.png,B
T_990.png,T
B_270.png,B
L_409.png,L
L_435.png,L
T_947.png,T
L_353.png,L
T_953.png,T
L_347.png,L
L_421.png,L
L_97.png,L
T_908.png,T
L_308.png,L
L_83.png,L
L_320.png,L
B_86.png,B
L_446.png,L
L_452.png,L
L_334.png,L
B_92.png,B
T_920.png,T
B_79.png,B
L_1007.png,L
T_713.png,T
L_54.png,L
B_559.png,B
L_1013.png,L
L_40.png,L
T_707.png,T
B_571.png,B
B_45.png,B
L_485.png,L
B_217.png,B
B_203.png,B
L_491.png,L
B_51.png,B
B_565.png,B
L_678.png,L
T_82.png,T
B_954.png,B
L_8.png,L
B_798.png,B
B_940.png,B
T_96.png,T
L_644.png,L
T_288.png,T
B_968.png,B
L_122.png,L
L_136.png,L
L_650.png,L
L_888.png,L
L_863.png,L
T_277.png,T
B_7.png,B
B_997.png,B
T_511.png,T
T_41.png,T
T_505.png,T
T_55.png,T
B_983.png,B
L_877.png,L
T_263.png,T
L_687.png,L
B_773.png,B
B_767.png,B
T_539.png,T
T_69.png,T
L_693.png,L
B_820.png,B
B_834.png,B
L_718.png,L
L_730.png,L
B_808.png,B
L_724.png,L
T_303.png,T
L_917.png,L
T_465.png,T
T_471.png,T
B_149.png,B
T_317.png,T
L_903.png,L
B_161.png,B
B_607.png,B
B_613.png,B
B_175.png,B
L_268.png,L
T_868.png,T
T_840.png,T
T_698.png,T
L_254.png,L
L_532.png,L
L_526.png,L
T_854.png,T
L_240.png,L
B_439.png,B
T_101.png,T
T_673.png,T
B_405.png,B
L_297.png,L
T_883.png,T
B_363.png,B
B_377.png,B
T_129.png,T
L_283.png,L
T_897.png,T
B_411.png,B
T_128.png,T
B_376.png,B
B_410.png,B
T_896.png,T
L_282.png,L
T_882.png,T
L_296.png,L
B_404.png,B
B_362.png,B
T_114.png,T
B_438.png,B
T_100.png,T
L_527.png,L
L_241.png,L
T_855.png,T
L_255.png,L
T_699.png,T
T_841.png,T
L_533.png,L
B_389.png,B
T_869.png,T
L_269.png,L
B_612.png,B
B_174.png,B
B_160.png,B
B_606.png,B
T_458.png,T
T_470.png,T
L_902.png,L
T_316.png,T
B_148.png,B
L_916.png,L
T_302.png,T
B_809.png,B
L_725.png,L
L_731.png,L
B_835.png,B
L_719.png,L
B_821.png,B
T_68.png,T
T_538.png,T
B_766.png,B
L_692.png,L
L_686.png,L
B_772.png,B
B_982.png,B
T_54.png,T
T_504.png,T
T_262.png,T
L_876.png,L
T_276.png,T
L_862.png,L
T_40.png,T
T_510.png,T
B_6.png,B
B_996.png,B
L_137.png,L
L_889.png,L
L_651.png,L
T_289.png,T
L_645.png,L
L_123.png,L
B_969.png,B
T_97.png,T
B_941.png,B
B_799.png,B
L_679.png,L
B_955.png,B
T_83.png,T
L_490.png,L
B_202.png,B
B_564.png,B
B_50.png,B
B_44.png,B
B_570.png,B
B_216.png,B
L_484.png,L
L_41.png,L
T_706.png,T
L_1012.png,L
B_558.png,B
T_712.png,T
L_55.png,L
L_1006.png,L
B_78.png,B
L_453.png,L
T_921.png,T
B_93.png,B
L_335.png,L
T_935.png,T
B_87.png,B
L_447.png,L
L_82.png,L
L_309.png,L
T_909.png,T
L_96.png,L
B_599.png,B
L_479.png,L
L_94.png,L
L_337.png,L
B_91.png,B
T_923.png,T
L_451.png,L
L_445.png,L
L_323.png,L
B_85.png,B
T_937.png,T
L_1010.png,L
T_704.png,T
B_228.png,B
L_1004.png,L
L_57.png,L
T_710.png,T
B_52.png,B
T_738.png,T
B_566.png,B
B_200.png,B
L_492.png,L
L_486.png,L
B_572.png,B
B_46.png,B
L_1038.png,L
B_943.png,B
T_81.png,T
B_957.png,B
L_653.png,L
L_135.png,L
L_121.png,L
L_647.png,L
L_874.png,L
T_260.png,T
T_506.png,T
T_56.png,T
B_980.png,B
B_758.png,B
B_994.png,B
B_4.png,B
T_512.png,T
T_42.png,T
L_860.png,L
T_274.png,T
L_848.png,L
L_690.png,L
B_764.png,B
B_770.png,B
L_684.png,L
T_248.png,T
B_189.png,B
B_837.png,B
B_823.png,B
L_727.png,L
T_499.png,T
L_733.png,L
T_314.png,T
L_900.png,L
T_472.png,T
B_638.png,B
T_466.png,T
T_300.png,T
L_914.png,L
T_328.png,T
B_176.png,B
B_610.png,B
B_604.png,B
B_162.png,B
L_928.png,L
L_519.png,L
T_857.png,T
L_243.png,L
L_525.png,L
L_531.png,L
T_843.png,T
L_257.png,L
T_670.png,T
T_116.png,T
B_348.png,B
T_102.png,T
T_664.png,T
L_280.png,L
T_894.png,T
B_412.png,B
B_374.png,B
B_360.png,B
B_406.png,B
T_658.png,T
L_294.png,L
T_880.png,T
B_361.png,B
T_881.png,T
L_295.png,L
T_659.png,T
B_413.png,B
T_895.png,T
L_281.png,L
B_375.png,B
T_103.png,T
T_671.png,T
B_349.png,B
T_117.png,T
L_530.png,L
L_256.png,L
T_842.png,T
L_242.png,L
T_856.png,T
L_524.png,L
L_518.png,L
B_605.png,B
L_929.png,L
B_163.png,B
B_177.png,B
T_329.png,T
B_611.png,B
T_467.png,T
B_639.png,B
L_915.png,L
T_301.png,T
L_901.png,L
T_315.png,T
T_473.png,T
T_498.png,T
L_732.png,L
B_822.png,B
B_188.png,B
B_836.png,B
B_771.png,B
T_249.png,T
L_685.png,L
L_691.png,L
L_849.png,L
B_765.png,B
T_43.png,T
B_995.png,B
B_5.png,B
T_275.png,T
L_861.png,L
T_261.png,T
L_875.png,L
B_759.png,B
B_981.png,B
T_57.png,T
T_507.png,T
L_120.png,L
L_646.png,L
L_652.png,L
L_134.png,L
B_956.png,B
T_80.png,T
L_108.png,L
T_94.png,T
B_942.png,B
B_215.png,B
L_487.png,L
L_1039.png,L
B_47.png,B
B_573.png,B
B_567.png,B
T_739.png,T
B_53.png,B
L_493.png,L
B_201.png,B
B_229.png,B
T_711.png,T
L_1005.png,L
T_705.png,T
L_1011.png,L
L_444.png,L
T_936.png,T
B_84.png,B
L_322.png,L
T_922.png,T
B_90.png,B
L_336.png,L
L_450.png,L
L_478.png,L
L_95.png,L
B_598.png,B
L_81.png,L
L_454.png,L
L_332.png,L
T_926.png,T
B_94.png,B
L_326.png,L
T_932.png,T
B_80.png,B
L_440.png,L
L_468.png,L
L_85.png,L
B_588.png,B
L_91.png,L
B_205.png,B
L_1029.png,L
B_57.png,B
B_563.png,B
B_577.png,B
B_43.png,B
T_729.png,T
L_483.png,L
B_211.png,B
B_239.png,B
L_1015.png,L
L_46.png,L
T_701.png,T
L_1001.png,L
T_715.png,T
L_52.png,L
L_130.png,L
L_656.png,L
L_642.png,L
L_124.png,L
B_946.png,B
T_90.png,T
T_84.png,T
L_118.png,L
B_952.png,B
B_761.png,B
T_259.png,T
L_695.png,L
L_859.png,L
B_775.png,B
T_503.png,T
T_53.png,T
B_985.png,B
T_265.png,T
L_865.png,L
T_271.png,T
B_1.png,B
B_749.png,B
T_517.png,T
T_47.png,T
T_488.png,T
L_722.png,L
L_736.png,L
B_832.png,B
B_198.png,B
B_826.png,B
B_615.png,B
L_939.png,L
B_173.png,B
B_167.png,B
T_339.png,T
B_601.png,B
T_477.png,T
B_629.png,B
T_311.png,T
L_905.png,L
T_305.png,T
L_911.png,L
T_1048.png,T
T_463.png,T
L_520.png,L
T_852.png,T
L_246.png,L
T_846.png,T
L_252.png,L
L_534.png,L
L_508.png,L
B_371.png,B
L_285.png,L
T_891.png,T
B_417.png,B
B_403.png,B
L_291.png,L
T_885.png,T
B_365.png,B
T_113.png,T
T_675.png,T
T_661.png,T
B_359.png,B
T_107.png,T
T_660.png,T
T_106.png,T
B_358.png,B
T_674.png,T
T_884.png,T
L_290.png,L
B_402.png,B
B_364.png,B
B_416.png,B
T_890.png,T
T_648.png,T
L_284.png,L
L_509.png,L
L_253.png,L
T_847.png,T
L_535.png,L
L_521.png,L
L_247.png,L
T_853.png,T
L_910.png,L
T_304.png,T
T_462.png,T
T_1049.png,T
B_628.png,B
T_476.png,T
L_904.png,L
T_310.png,T
T_338.png,T
B_166.png,B
B_600.png,B
B_1009.png,B
B_614.png,B
B_172.png,B
L_938.png,L
B_199.png,B
B_827.png,B
B_833.png,B
L_737.png,L
L_723.png,L
T_270.png,T
L_864.png,L
T_46.png,T
T_516.png,T
B_748.png,B
B_0.png,B
B_984.png,B
T_52.png,T
T_502.png,T
T_264.png,T
L_870.png,L
L_680.png,L
L_858.png,L
B_774.png,B
B_760.png,B
L_694.png,L
T_258.png,T
B_953.png,B
L_119.png,L
T_85.png,T
B_947.png,B
L_643.png,L
L_125.png,L
L_131.png,L
L_657.png,L
T_714.png,T
L_53.png,L
L_1000.png,L
L_47.png,L
T_700.png,T
L_1014.png,L
T_728.png,T
B_42.png,B
B_576.png,B
B_210.png,B
L_482.png,L
L_496.png,L
B_204.png,B
B_562.png,B
B_56.png,B
L_1028.png,L
L_90.png,L
B_589.png,B
L_469.png,L
L_84.png,L
B_81.png,B
T_933.png,T
L_441.png,L
L_455.png,L
B_95.png,B
T_927.png,T
L_443.png,L
L_325.png,L
T_931.png,T
B_83.png,B
L_331.png,L
B_97.png,B
L_457.png,L
L_92.png,L
L_319.png,L
L_86.png,L
T_919.png,T
L_480.png,L
B_212.png,B
B_574.png,B
B_40.png,B
B_54.png,B
L_79.png,L
B_560.png,B
B_206.png,B
L_1002.png,L
L_51.png,L
T_716.png,T
B_548.png,B
L_1016.png,L
B_68.png,B
T_702.png,T
L_45.png,L
L_127.png,L
L_641.png,L
L_899.png,L
T_299.png,T
L_655.png,L
L_133.png,L
B_979.png,B
T_87.png,T
B_789.png,B
B_951.png,B
L_669.png,L
B_945.png,B
T_93.png,T
T_528.png,T
T_78.png,T
B_776.png,B
L_682.png,L
L_696.png,L
B_762.png,B
B_992.png,B
B_2.png,B
T_44.png,T
L_866.png,L
T_272.png,T
T_266.png,T
T_500.png,T
T_50.png,T
B_986.png,B
B_819.png,B
L_735.png,L
L_721.png,L
B_825.png,B
L_709.png,L
B_831.png,B
B_602.png,B
B_164.png,B
B_170.png,B
B_616.png,B
T_448.png,T
T_306.png,T
L_912.png,L
B_158.png,B
T_312.png,T
L_906.png,L
T_474.png,T
L_537.png,L
T_845.png,T
L_251.png,L
T_851.png,T
L_245.png,L
T_689.png,T
L_523.png,L
B_399.png,B
T_879.png,T
L_279.png,L
T_138.png,T
B_366.png,B
B_400.png,B
L_292.png,L
T_886.png,T
L_286.png,L
T_892.png,T
B_414.png,B
B_372.png,B
T_104.png,T
T_662.png,T
B_428.png,B
T_676.png,T
T_110.png,T
T_677.png,T
B_429.png,B
T_111.png,T
T_105.png,T
T_663.png,T
B_415.png,B
T_893.png,T
L_287.png,L
B_373.png,B
B_367.png,B
T_139.png,T
T_887.png,T
L_293.png,L
B_401.png,B
L_278.png,L
B_398.png,B
T_878.png,T
T_688.png,T
L_244.png,L
T_850.png,T
L_522.png,L
L_536.png,L
L_250.png,L
T_844.png,T
L_907.png,L
T_313.png,T
T_475.png,T
B_159.png,B
L_913.png,L
T_307.png,T
B_171.png,B
T_449.png,T
B_617.png,B
B_603.png,B
B_165.png,B
B_830.png,B
B_824.png,B
L_708.png,L
L_720.png,L
B_818.png,B
L_734.png,L
T_267.png,T
L_873.png,L
B_987.png,B
T_51.png,T
T_501.png,T
T_45.png,T
B_993.png,B
B_3.png,B
T_273.png,T
L_867.png,L
B_763.png,B
B_777.png,B
T_79.png,T
T_529.png,T
L_683.png,L
L_668.png,L
T_92.png,T
B_944.png,B
B_950.png,B
B_788.png,B
T_86.png,T
L_654.png,L
T_298.png,T
B_978.png,B
L_132.png,L
L_126.png,L
L_898.png,L
L_640.png,L
T_703.png,T
L_44.png,L
B_69.png,B
L_1017.png,L
B_549.png,B
L_50.png,L
T_717.png,T
L_1003.png,L
B_561.png,B
L_78.png,L
B_55.png,B
L_495.png,L
B_207.png,B
B_213.png,B
L_481.png,L
B_41.png,B
B_575.png,B
T_918.png,T
L_87.png,L
L_318.png,L
L_93.png,L
B_96.png,B
T_924.png,T
L_330.png,L
L_456.png,L
L_442.png,L
B_82.png,B
L_324.png,L
T_929.png,T
L_329.png,L
B_593.png,B
L_301.png,L
T_915.png,T
L_467.png,L
L_473.png,L
L_315.png,L
T_901.png,T
B_587.png,B
B_58.png,B
L_1026.png,L
L_75.png,L
T_732.png,T
L_498.png,L
L_1032.png,L
T_726.png,T
L_61.png,L
B_578.png,B
B_64.png,B
L_49.png,L
B_550.png,B
B_236.png,B
B_222.png,B
B_544.png,B
B_70.png,B
L_659.png,L
T_295.png,T
L_881.png,L
B_975.png,B
B_961.png,B
T_281.png,T
L_895.png,L
L_665.png,L
L_103.png,L
L_1.png,L
B_791.png,B
B_785.png,B
L_117.png,L
L_671.png,L
L_842.png,L
T_256.png,T
T_530.png,T
T_60.png,T
T_524.png,T
T_74.png,T
L_856.png,L
T_242.png,T
B_752.png,B
T_518.png,T
T_48.png,T
B_746.png,B
B_801.png,B
T_487.png,T
T_493.png,T
B_815.png,B
L_739.png,L
B_183.png,B
L_711.png,L
B_829.png,B
L_705.png,L
B_197.png,B
T_322.png,T
L_936.png,L
B_1007.png,B
B_1013.png,B
T_450.png,T
T_336.png,T
L_922.png,L
B_168.png,B
B_140.png,B
B_626.png,B
T_1053.png,T
T_478.png,T
T_1047.png,T
B_632.png,B
B_154.png,B
L_249.png,L
T_849.png,T
T_861.png,T
L_275.png,L
L_513.png,L
B_381.png,B
B_395.png,B
L_507.png,L
L_261.png,L
B_418.png,B
T_646.png,T
T_120.png,T
T_134.png,T
T_652.png,T
B_424.png,B
B_342.png,B
T_108.png,T
B_356.png,B
B_430.png,B
B_357.png,B
T_109.png,T
B_431.png,B
B_425.png,B
B_343.png,B
T_135.png,T
T_653.png,T
T_647.png,T
B_419.png,B
T_121.png,T
L_506.png,L
B_394.png,B
L_260.png,L
T_874.png,T
L_274.png,L
T_860.png,T
B_380.png,B
L_512.png,L
T_690.png,T
T_848.png,T
L_248.png,L
T_684.png,T
B_633.png,B
T_1046.png,T
B_155.png,B
B_141.png,B
T_479.png,T
T_1052.png,T
B_627.png,B
T_451.png,T
B_1012.png,B
B_169.png,B
L_923.png,L
T_337.png,T
L_937.png,L
T_323.png,T
B_1006.png,B
T_445.png,T
B_828.png,B
B_196.png,B
L_704.png,L
L_710.png,L
B_182.png,B
B_814.png,B
L_738.png,L
T_486.png,T
B_800.png,B
B_747.png,B
T_49.png,T
T_519.png,T
B_753.png,B
T_75.png,T
T_525.png,T
T_243.png,T
L_857.png,L
T_257.png,T
L_843.png,L
T_61.png,T
T_531.png,T
L_116.png,L
B_784.png,B
L_670.png,L
L_664.png,L
B_948.png,B
L_0.png,L
B_790.png,B
L_102.png,L
B_960.png,B
L_894.png,L
T_280.png,T
L_880.png,L
T_294.png,T
L_658.png,L
B_974.png,B
B_223.png,B
B_71.png,B
B_545.png,B
B_551.png,B
L_48.png,L
B_65.png,B
B_579.png,B
T_727.png,T
L_60.png,L
L_1033.png,L
L_74.png,L
T_733.png,T
L_1027.png,L
B_59.png,B
L_499.png,L
L_472.png,L
B_586.png,B
T_900.png,T
L_314.png,L
T_914.png,T
L_300.png,L
B_592.png,B
L_466.png,L
L_328.png,L
T_928.png,T
L_458.png,L
B_98.png,B
L_316.png,L
T_902.png,T
B_584.png,B
L_470.png,L
L_464.png,L
B_590.png,B
L_302.png,L
L_89.png,L
T_916.png,T
L_1031.png,L
L_62.png,L
T_725.png,T
B_209.png,B
L_1025.png,L
T_731.png,T
L_76.png,L
B_547.png,B
B_73.png,B
T_719.png,T
B_221.png,B
B_235.png,B
B_67.png,B
L_1019.png,L
B_553.png,B
T_282.png,T
L_896.png,L
L_128.png,L
B_962.png,B
B_976.png,B
T_296.png,T
L_882.png,L
L_672.png,L
B_786.png,B
T_88.png,T
L_114.png,L
L_100.png,L
B_792.png,B
L_2.png,L
L_666.png,L
L_855.png,L
T_241.png,T
B_779.png,B
T_527.png,T
T_77.png,T
T_63.png,T
L_841.png,L
L_699.png,L
T_255.png,T
L_869.png,L
B_745.png,B
B_989.png,B
B_751.png,B
T_269.png,T
T_490.png,T
B_816.png,B
B_802.png,B
T_484.png,T
L_706.png,L
B_194.png,B
B_180.png,B
L_712.png,L
T_335.png,T
L_921.png,L
B_1010.png,B
T_453.png,T
T_447.png,T
B_1004.png,B
B_619.png,B
T_321.png,T
L_935.png,L
B_157.png,B
T_309.png,T
T_1044.png,T
B_631.png,B
B_625.png,B
T_1050.png,T
L_909.png,L
B_143.png,B
L_538.png,L
T_686.png,T
T_876.png,T
L_262.png,L
B_396.png,B
L_504.png,L
L_510.png,L
B_382.png,B
T_862.png,T
L_276.png,L
T_651.png,T
T_889.png,T
B_369.png,B
T_137.png,T
T_123.png,T
T_645.png,T
L_289.png,L
B_433.png,B
B_355.png,B
B_341.png,B
T_679.png,T
B_340.png,B
B_426.png,B
T_678.png,T
B_432.png,B
B_354.png,B
L_288.png,L
T_644.png,T
T_888.png,T
T_650.png,T
T_136.png,T
B_368.png,B
B_383.png,B
L_511.png,L
L_277.png,L
L_263.png,L
T_877.png,T
L_505.png,L
B_397.png,B
T_687.png,T
T_693.png,T
L_539.png,L
T_1051.png,T
B_624.png,B
B_142.png,B
L_908.png,L
T_308.png,T
B_156.png,B
B_630.png,B
T_1045.png,T
B_1005.png,B
B_618.png,B
T_446.png,T
L_934.png,L
T_320.png,T
L_920.png,L
T_334.png,T
T_452.png,T
B_1011.png,B
L_713.png,L
B_181.png,B
B_195.png,B
L_707.png,L
T_485.png,T
B_803.png,B
B_817.png,B
T_491.png,T
B_750.png,B
B_988.png,B
T_268.png,T
L_868.png,L
B_744.png,B
T_62.png,T
T_532.png,T
T_254.png,T
L_698.png,L
L_840.png,L
T_240.png,T
L_854.png,L
T_76.png,T
T_526.png,T
B_778.png,B
B_793.png,B
L_101.png,L
L_667.png,L
L_673.png,L
L_115.png,L
B_787.png,B
B_977.png,B
L_883.png,L
T_297.png,T
L_897.png,L
T_283.png,T
B_963.png,B
L_129.png,L
B_234.png,B
B_552.png,B
L_1018.png,L
B_66.png,B
T_718.png,T
B_72.png,B
B_546.png,B
B_220.png,B
B_208.png,B
T_730.png,T
L_77.png,L
L_1024.png,L
L_63.png,L
T_724.png,T
L_1030.png,L
L_465.png,L
T_917.png,T
L_88.png,L
L_303.png,L
B_591.png,B
B_585.png,B
T_903.png,T
L_471.png,L
L_459.png,L
B_99.png,B
L_475.png,L
L_313.png,L
T_907.png,T
B_581.png,B
B_595.png,B
L_307.png,L
T_913.png,T
L_461.png,L
L_449.png,L
B_89.png,B
B_224.png,B
B_542.png,B
L_1008.png,L
B_76.png,B
B_62.png,B
T_708.png,T
B_556.png,B
B_230.png,B
B_218.png,B
L_1034.png,L
T_720.png,T
L_1020.png,L
L_73.png,L
T_734.png,T
B_783.png,B
L_677.png,L
L_663.png,L
T_99.png,T
L_105.png,L
L_7.png,L
B_797.png,B
B_967.png,B
T_287.png,T
L_893.png,L
T_293.png,T
L_887.png,L
B_973.png,B
B_8.png,B
B_998.png,B
B_740.png,B
T_278.png,T
L_878.png,L
B_754.png,B
T_522.png,T
L_850.png,L
T_244.png,T
L_688.png,L
L_844.png,L
T_250.png,T
T_536.png,T
T_66.png,T
B_768.png,B
L_703.png,L
B_191.png,B
B_185.png,B
L_717.png,L
T_495.png,T
B_813.png,B
B_807.png,B
T_481.png,T
T_1041.png,T
B_634.png,B
B_152.png,B
L_918.png,L
T_318.png,T
B_146.png,B
B_620.png,B
T_1055.png,T
B_608.png,B
B_1015.png,B
T_456.png,T
T_330.png,T
L_924.png,L
T_324.png,T
L_930.png,L
T_442.png,T
B_1001.png,B
B_393.png,B
L_501.png,L
T_873.png,T
L_267.png,L
T_867.png,T
L_273.png,L
L_515.png,L
B_387.png,B
T_697.png,T
T_683.png,T
L_529.png,L
B_350.png,B
B_436.png,B
B_422.png,B
B_344.png,B
T_132.png,T
L_298.png,L
T_654.png,T
T_640.png,T
T_898.png,T
T_126.png,T
B_378.png,B
T_899.png,T
T_641.png,T
B_379.png,B
T_127.png,T
T_133.png,T
T_655.png,T
L_299.png,L
B_423.png,B
B_345.png,B
B_351.png,B
T_669.png,T
B_437.png,B
T_682.png,T
L_528.png,L
T_696.png,T
L_272.png,L
T_866.png,T
B_386.png,B
L_514.png,L
L_500.png,L
B_392.png,B
L_266.png,L
T_872.png,T
L_931.png,L
T_325.png,T
B_1000.png,B
T_443.png,T
T_457.png,T
B_609.png,B
B_1014.png,B
L_925.png,L
T_331.png,T
B_147.png,B
T_319.png,T
T_1054.png,T
B_621.png,B
B_635.png,B
T_1040.png,T
L_919.png,L
B_153.png,B
T_480.png,T
B_806.png,B
B_812.png,B
T_494.png,T
L_716.png,L
B_184.png,B
B_190.png,B
L_702.png,L
T_251.png,T
L_845.png,L
B_769.png,B
T_67.png,T
T_537.png,T
T_73.png,T
L_689.png,L
T_245.png,T
L_851.png,L
L_879.png,L
B_755.png,B
B_741.png,B
B_9.png,B
B_999.png,B
T_279.png,T
L_886.png,L
T_292.png,T
L_138.png,L
B_972.png,B
B_966.png,B
L_892.png,L
T_286.png,T
L_662.png,L
L_6.png,L
B_796.png,B
L_104.png,L
T_98.png,T
B_782.png,B
L_676.png,L
L_72.png,L
T_735.png,T
L_1021.png,L
B_219.png,B
T_721.png,T
L_1035.png,L
B_557.png,B
T_709.png,T
B_63.png,B
B_231.png,B
B_225.png,B
B_77.png,B
L_1009.png,L
B_543.png,B
L_448.png,L
B_88.png,B
T_912.png,T
L_306.png,L
B_594.png,B
L_460.png,L
L_474.png,L
B_580.png,B
L_312.png,L
L_99.png,L
L_462.png,L
B_596.png,B
L_304.png,L
T_910.png,T
L_310.png,L
T_904.png,T
B_582.png,B
L_476.png,L
L_338.png,L
T_938.png,T
B_233.png,B
B_61.png,B
B_555.png,B
B_541.png,B
B_75.png,B
L_58.png,L
B_227.png,B
B_569.png,B
L_1023.png,L
T_737.png,T
L_70.png,L
L_1037.png,L
B_49.png,B
L_64.png,L
T_723.png,T
L_489.png,L
L_106.png,L
B_794.png,B
L_4.png,L
L_660.png,L
L_674.png,L
B_780.png,B
B_958.png,B
L_112.png,L
B_970.png,B
T_290.png,T
L_884.png,L
T_284.png,T
L_648.png,L
L_890.png,L
B_964.png,B
B_757.png,B
T_509.png,T
T_59.png,T
B_743.png,B
T_535.png,T
T_65.png,T
L_847.png,L
T_253.png,T
L_853.png,L
T_247.png,T
T_521.png,T
T_71.png,T
B_838.png,B
B_186.png,B
L_714.png,L
L_700.png,L
B_192.png,B
B_804.png,B
T_482.png,T
L_728.png,L
T_496.png,T
B_810.png,B
B_623.png,B
T_1056.png,T
B_145.png,B
B_151.png,B
T_1042.png,T
B_637.png,B
T_441.png,T
B_1002.png,B
B_179.png,B
T_327.png,T
L_933.png,L
T_333.png,T
L_927.png,L
B_1016.png,B
T_455.png,T
L_516.png,L
B_384.png,B
T_864.png,T
L_270.png,L
T_870.png,T
L_264.png,L
L_502.png,L
T_858.png,T
T_680.png,T
L_258.png,L
T_694.png,T
B_347.png,B
T_119.png,T
B_421.png,B
B_435.png,B
B_353.png,B
T_125.png,T
T_643.png,T
B_409.png,B
T_131.png,T
B_408.png,B
T_656.png,T
T_130.png,T
T_124.png,T
T_642.png,T
B_434.png,B
B_352.png,B
T_118.png,T
B_346.png,B
B_420.png,B
L_259.png,L
T_681.png,T
T_859.png,T
L_265.png,L
T_871.png,T
L_503.png,L
B_391.png,B
B_385.png,B
L_517.png,L
L_271.png,L
T_865.png,T
L_926.png,L
T_454.png,T
B_1017.png,B
B_1003.png,B
T_440.png,T
L_932.png,L
T_326.png,T
B_178.png,B
B_150.png,B
B_636.png,B
T_468.png,T
T_1043.png,T
T_1057.png,T
B_622.png,B
B_144.png,B
B_811.png,B
T_497.png,T
T_483.png,T
B_805.png,B
L_729.png,L
B_193.png,B
L_701.png,L
B_839.png,B
L_715.png,L
B_187.png,B
T_246.png,T
L_852.png,L
T_70.png,T
T_520.png,T
T_64.png,T
T_534.png,T
T_252.png,T
L_846.png,L
B_742.png,B
T_58.png,T
T_508.png,T
B_756.png,B
L_891.png,L
L_649.png,L
T_285.png,T
B_965.png,B
B_971.png,B
L_885.png,L
T_291.png,T
L_675.png,L
L_113.png,L
B_959.png,B
B_781.png,B
B_795.png,B
L_5.png,L
L_107.png,L
L_661.png,L
T_722.png,T
B_48.png,B
L_1036.png,L
L_488.png,L
T_736.png,T
L_71.png,L
L_1022.png,L
B_568.png,B
L_59.png,L
B_74.png,B
B_540.png,B
B_226.png,B
B_232.png,B
B_554.png,B
B_60.png,B
T_939.png,T
L_339.png,L
B_583.png,B
T_905.png,T
L_311.png,L
L_477.png,L
L_463.png,L
T_911.png,T
L_305.png,L
B_597.png,B
L_438.png,L
T_792.png,T
T_786.png,T
B_296.png,B
L_404.png,L
L_362.png,L
T_976.png,T
L_376.png,L
T_962.png,T
L_410.png,L
B_282.png,B
B_269.png,B
T_989.png,T
T_751.png,T
T_745.png,T
B_255.png,B
B_533.png,B
B_13.png,B
T_779.png,T
B_527.png,B
B_241.png,B
T_590.png,T
B_916.png,B
B_902.png,B
T_584.png,T
L_148.png,L
L_160.png,L
L_606.png,L
L_612.png,L
L_174.png,L
T_553.png,T
L_821.png,L
T_235.png,T
L_835.png,L
T_221.png,T
T_547.png,T
T_17.png,T
B_719.png,B
B_731.png,B
T_209.png,T
L_809.png,L
B_725.png,B
B_862.png,B
L_996.png,L
T_382.png,T
L_982.png,L
T_396.png,T
B_876.png,B
B_686.png,B
L_772.png,L
L_766.png,L
B_692.png,B
B_679.png,B
T_0.png,T
T_427.png,T
T_341.png,T
L_955.png,L
T_355.png,T
L_799.png,L
L_941.png,L
T_1018.png,T
T_433.png,T
T_1030.png,T
B_645.png,B
B_123.png,B
L_969.png,L
T_369.png,T
B_137.png,B
B_651.png,B
B_889.png,B
T_1024.png,T
T_180.png,T
L_558.png,L
T_194.png,T
L_570.png,L
T_802.png,T
L_216.png,L
B_484.png,B
B_490.png,B
T_816.png,T
L_202.png,L
L_564.png,L
T_143.png,T
T_625.png,T
T_631.png,T
T_157.png,T
B_309.png,B
B_321.png,B
B_447.png,B
T_619.png,T
B_453.png,B
B_335.png,B
B_452.png,B
B_334.png,B
B_320.png,B
T_618.png,T
B_446.png,B
T_630.png,T
B_308.png,B
T_156.png,T
T_142.png,T
T_624.png,T
L_203.png,L
T_817.png,T
B_491.png,B
L_565.png,L
L_571.png,L
B_485.png,B
L_217.png,L
T_803.png,T
L_559.png,L
T_181.png,T
B_136.png,B
T_368.png,T
T_1025.png,T
B_888.png,B
B_650.png,B
B_644.png,B
T_1031.png,T
L_968.png,L
B_122.png,B
L_940.png,L
L_798.png,L
T_354.png,T
T_432.png,T
T_1019.png,T
T_426.png,T
T_1.png,T
B_678.png,B
L_954.png,L
T_340.png,T
L_767.png,L
B_693.png,B
B_687.png,B
L_773.png,L
T_397.png,T
L_983.png,L
B_877.png,B
B_863.png,B
T_383.png,T
L_997.png,L
L_808.png,L
B_724.png,B
B_730.png,B
T_208.png,T
T_220.png,T
L_834.png,L
B_718.png,B
T_16.png,T
T_552.png,T
T_234.png,T
L_820.png,L
L_613.png,L
L_175.png,L
L_161.png,L
L_607.png,L
L_149.png,L
T_585.png,T
B_903.png,B
B_917.png,B
T_591.png,T
B_526.png,B
T_778.png,T
B_12.png,B
B_240.png,B
B_254.png,B
B_532.png,B
T_744.png,T
L_388.png,L
B_268.png,B
T_750.png,T
L_17.png,L
L_1044.png,L
T_988.png,T
T_963.png,T
L_377.png,L
B_283.png,B
L_411.png,L
L_405.png,L
B_297.png,B
T_977.png,T
L_363.png,L
T_787.png,T
L_439.png,L
T_793.png,T
L_349.png,L
T_791.png,T
T_949.png,T
L_413.png,L
B_281.png,B
L_375.png,L
T_961.png,T
L_361.png,L
T_975.png,T
B_295.png,B
L_407.png,L
B_518.png,B
T_746.png,T
B_38.png,B
L_15.png,L
T_752.png,T
B_242.png,B
B_10.png,B
B_524.png,B
B_530.png,B
L_29.png,L
B_256.png,B
B_901.png,B
T_587.png,T
L_639.png,L
T_593.png,T
B_915.png,B
L_177.png,L
L_611.png,L
L_605.png,L
B_929.png,B
L_163.png,L
T_544.png,T
L_188.png,L
T_14.png,T
L_836.png,L
T_222.png,T
L_822.png,L
T_236.png,T
T_550.png,T
B_726.png,B
T_578.png,T
T_28.png,T
B_732.png,B
B_875.png,B
L_981.png,L
T_395.png,T
L_759.png,L
L_995.png,L
T_381.png,T
B_861.png,B
B_849.png,B
B_691.png,B
L_765.png,L
L_771.png,L
B_685.png,B
T_430.png,T
B_108.png,B
T_356.png,T
L_942.png,L
T_342.png,T
L_956.png,L
T_3.png,T
T_424.png,T
B_652.png,B
T_1027.png,T
B_134.png,B
B_120.png,B
T_1033.png,T
T_418.png,T
B_646.png,B
T_197.png,T
T_829.png,T
L_229.png,L
T_183.png,T
L_567.png,L
B_493.png,B
T_815.png,T
L_201.png,L
T_801.png,T
L_215.png,L
B_487.png,B
L_573.png,L
L_598.png,L
T_154.png,T
T_626.png,T
B_478.png,B
T_140.png,T
B_336.png,B
T_168.png,T
B_450.png,B
B_444.png,B
B_322.png,B
B_445.png,B
B_323.png,B
T_169.png,T
B_337.png,B
B_451.png,B
B_479.png,B
T_627.png,T
T_141.png,T
T_155.png,T
L_599.png,L
T_633.png,T
B_486.png,B
L_214.png,L
T_800.png,T
L_572.png,L
L_566.png,L
L_200.png,L
T_814.png,T
B_492.png,B
L_228.png,L
T_182.png,T
T_196.png,T
T_828.png,T
B_121.png,B
B_647.png,B
T_419.png,T
T_1032.png,T
T_1026.png,T
B_653.png,B
B_135.png,B
L_957.png,L
T_425.png,T
T_2.png,T
T_431.png,T
L_943.png,L
T_357.png,T
B_109.png,B
B_684.png,B
B_690.png,B
B_848.png,B
L_764.png,L
T_380.png,T
L_994.png,L
B_860.png,B
B_874.png,B
L_758.png,L
T_394.png,T
L_980.png,L
B_733.png,B
T_29.png,T
T_579.png,T
B_727.png,B
T_237.png,T
L_823.png,L
T_15.png,T
T_545.png,T
T_223.png,T
L_837.png,L
L_604.png,L
L_162.png,L
B_928.png,B
L_176.png,L
L_610.png,L
L_638.png,L
B_914.png,B
T_592.png,T
T_586.png,T
B_900.png,B
L_28.png,L
B_531.png,B
B_257.png,B
B_243.png,B
B_525.png,B
B_11.png,B
L_14.png,L
T_753.png,T
B_39.png,B
T_747.png,T
B_519.png,B
T_974.png,T
L_360.png,L
L_406.png,L
B_294.png,B
B_280.png,B
L_412.png,L
T_960.png,T
T_948.png,T
T_790.png,T
T_784.png,T
L_348.png,L
L_370.png,L
T_964.png,T
L_416.png,L
B_284.png,B
B_290.png,B
L_402.png,L
L_364.png,L
T_970.png,T
T_780.png,T
T_958.png,T
T_794.png,T
L_358.png,L
B_15.png,B
L_38.png,L
B_521.png,B
B_247.png,B
B_253.png,B
B_535.png,B
B_29.png,B
T_743.png,T
L_1043.png,L
T_757.png,T
L_10.png,L
B_509.png,B
L_614.png,L
L_172.png,L
B_938.png,B
L_166.png,L
L_600.png,L
L_628.png,L
B_904.png,B
T_582.png,T
T_596.png,T
B_910.png,B
B_723.png,B
T_569.png,T
T_39.png,T
B_737.png,B
L_833.png,L
T_227.png,T
T_11.png,T
L_199.png,L
T_555.png,T
L_827.png,L
T_233.png,T
L_760.png,L
B_694.png,B
B_858.png,B
B_680.png,B
L_774.png,L
L_984.png,L
T_390.png,T
B_870.png,B
B_864.png,B
L_990.png,L
L_748.png,L
T_384.png,T
B_131.png,B
B_657.png,B
T_1022.png,T
T_409.png,T
T_1036.png,T
B_643.png,B
B_125.png,B
T_353.png,T
L_947.png,L
T_435.png,T
T_421.png,T
T_6.png,T
T_347.png,T
L_953.png,L
B_119.png,B
B_496.png,B
T_810.png,T
L_204.png,L
L_562.png,L
L_576.png,L
T_804.png,T
L_210.png,L
B_482.png,B
L_238.png,L
T_192.png,T
T_186.png,T
T_838.png,T
B_455.png,B
B_333.png,B
T_179.png,T
B_327.png,B
B_441.png,B
B_469.png,B
T_637.png,T
T_151.png,T
T_145.png,T
L_589.png,L
T_623.png,T
L_588.png,L
T_144.png,T
T_622.png,T
T_636.png,T
B_468.png,B
T_150.png,T
B_326.png,B
T_178.png,T
B_440.png,B
B_454.png,B
B_332.png,B
T_187.png,T
T_839.png,T
L_239.png,L
T_193.png,T
B_483.png,B
L_211.png,L
T_805.png,T
L_205.png,L
T_811.png,T
B_497.png,B
L_563.png,L
T_7.png,T
T_420.png,T
B_118.png,B
L_952.png,L
T_346.png,T
L_946.png,L
T_352.png,T
T_434.png,T
B_642.png,B
T_1037.png,T
B_124.png,B
B_130.png,B
T_408.png,T
T_1023.png,T
B_656.png,B
B_865.png,B
T_385.png,T
L_749.png,L
L_991.png,L
T_391.png,T
L_985.png,L
B_871.png,B
B_681.png,B
B_859.png,B
L_775.png,L
L_761.png,L
B_695.png,B
T_554.png,T
L_198.png,L
T_232.png,T
L_826.png,L
T_226.png,T
L_832.png,L
T_10.png,T
T_540.png,T
B_736.png,B
T_38.png,T
T_568.png,T
B_722.png,B
B_911.png,B
T_597.png,T
L_629.png,L
T_583.png,T
B_905.png,B
L_167.png,L
L_601.png,L
L_615.png,L
B_939.png,B
L_173.png,L
B_508.png,B
T_756.png,T
L_11.png,L
L_1042.png,L
T_742.png,T
B_28.png,B
B_252.png,B
B_534.png,B
B_520.png,B
L_39.png,L
B_14.png,B
B_246.png,B
L_359.png,L
T_795.png,T
T_959.png,T
T_781.png,T
L_403.png,L
B_291.png,B
T_971.png,T
L_365.png,L
T_965.png,T
L_371.png,L
B_285.png,B
L_417.png,L
T_973.png,T
B_293.png,B
L_401.png,L
L_415.png,L
B_287.png,B
T_967.png,T
T_797.png,T
L_429.png,L
T_783.png,T
B_536.png,B
T_768.png,T
B_250.png,B
B_244.png,B
L_1068.png,L
B_16.png,B
B_522.png,B
L_1040.png,L
L_13.png,L
T_754.png,T
L_398.png,L
T_998.png,T
T_740.png,T
L_603.png,L
L_165.png,L
L_171.png,L
L_617.png,L
L_159.png,L
T_595.png,T
B_913.png,B
B_907.png,B
T_581.png,T
L_818.png,L
B_734.png,B
B_720.png,B
T_218.png,T
L_824.png,L
T_230.png,T
B_708.png,B
T_556.png,T
T_542.png,T
T_12.png,T
L_830.png,L
T_224.png,T
B_683.png,B
B_697.png,B
L_763.png,L
L_993.png,L
B_867.png,B
B_873.png,B
L_987.png,L
T_393.png,T
B_126.png,B
T_378.png,T
T_1035.png,T
B_640.png,B
B_898.png,B
B_654.png,B
T_1021.png,T
L_978.png,L
B_132.png,B
L_788.png,L
L_950.png,L
T_1009.png,T
T_422.png,T
T_5.png,T
T_436.png,T
B_668.png,B
T_350.png,T
L_944.png,L
T_807.png,T
L_213.png,L
B_481.png,B
L_575.png,L
L_561.png,L
B_495.png,B
T_813.png,T
L_207.png,L
T_185.png,T
L_549.png,L
T_191.png,T
B_442.png,B
B_324.png,B
B_330.png,B
T_608.png,T
B_456.png,B
T_620.png,T
B_318.png,B
T_146.png,T
T_152.png,T
T_634.png,T
T_153.png,T
T_635.png,T
T_621.png,T
T_147.png,T
B_319.png,B
B_331.png,B
B_457.png,B
T_609.png,T
B_443.png,B
B_325.png,B
T_190.png,T
L_548.png,L
T_184.png,T
L_560.png,L
L_206.png,L
T_812.png,T
B_494.png,B
B_480.png,B
L_212.png,L
T_806.png,T
L_574.png,L
B_669.png,B
T_437.png,T
L_945.png,L
T_351.png,T
L_951.png,L
T_345.png,T
L_789.png,L
T_4.png,T
T_423.png,T
T_1008.png,T
T_1020.png,T
B_655.png,B
B_133.png,B
L_979.png,L
T_379.png,T
B_127.png,B
B_899.png,B
B_641.png,B
T_1034.png,T
B_872.png,B
T_392.png,T
L_986.png,L
T_386.png,T
L_992.png,L
B_866.png,B
B_696.png,B
L_762.png,L
L_776.png,L
T_13.png,T
T_543.png,T
L_831.png,L
T_231.png,T
L_825.png,L
T_557.png,T
B_709.png,B
B_721.png,B
T_219.png,T
L_819.png,L
B_735.png,B
T_580.png,T
B_906.png,B
B_912.png,B
T_594.png,T
L_158.png,L
L_170.png,L
L_616.png,L
L_602.png,L
L_164.png,L
B_279.png,B
T_741.png,T
T_999.png,T
L_399.png,L
L_12.png,L
T_755.png,T
L_1041.png,L
B_245.png,B
B_523.png,B
B_17.png,B
L_1069.png,L
T_769.png,T
B_537.png,B
B_251.png,B
L_428.png,L
T_782.png,T
T_796.png,T
B_286.png,B
L_414.png,L
L_372.png,L
T_972.png,T
L_366.png,L
L_400.png,L
B_292.png,B
